<step title="Incoming Request" date="2025-10-25T03:14:53.809" instance="a9cebb" url="/api/zipdeploy?isAsync=true" method="POST" type="request" pid="801,1,7" Accept="*/*" Host="learnova-05594.scm.azurewebsites.net" User-Agent="AZURECLI/2.77.0 (DEB)" Accept-Encoding="gzip, deflate" Authorization="Bea..." Cache-Control="no-cache" Content-Type="application/octet-stream" Content-Length="450256331" x-ms-client-request-id="9b7aa5aa-b150-11f0-97ec-4cd577e10d27" x-ms-artifact-checksum="224a6083ce65da3e2b09f0583c6adb6c39634d19d40dd90529b1fbb9642bed71" X-ARR-LOG-ID="9b7aa5aa-b150-11f0-97ec-4cd577e10d27" CLIENT-IP="14.97.173.201:54540" X-SITE-DEPLOYMENT-ID="learnova-05594" WAS-DEFAULT-HOSTNAME="learnova-05594.scm.azurewebsites.net" X-Forwarded-Proto="https" X-AppService-Proto="https" X-Forwarded-TlsVersion="1.3" X-WAWS-Unencoded-URL="/api/zipdeploy?isAsync=true" X-Client-IP="14.97.173.201" X-Client-Port="54540" >
  <step title="ZipPushDeploy" date="2025-10-25T03:14:54.394" >
    <step title="ZipDeploy. Extract zip." date="2025-10-25T03:14:54.407" /><!-- duration: 11ms -->
    <step title="None repository commit" date="2025-10-25T03:14:54.428" >
      <step title="Commit id: 51ce7f02-eecb-490c-a73a-8663ed2b8e12" date="2025-10-25T03:14:54.434" Message="N/A" AuthorName="N/A" AuthorEmail="N/A" /><!-- duration: 6ms -->
    </step><!-- duration: 19ms -->
    <step title="Starting PushDeployAsync" date="2025-10-25T03:14:54.452" /><!-- duration: 6ms -->
    <step title="Writing artifact to /tmp/zipdeploy/27978e80-bf43-4d59-9ad1-6db27e6a9502.zip" date="2025-10-25T03:14:54.482" >
      <step title="Writing multipart request body to /tmp/zipdeploy/27978e80-bf43-4d59-9ad1-6db27e6a9502.zip" date="2025-10-25T03:14:54.492" /><!-- duration: 8ms -->
    </step><!-- duration: 46211ms -->
    <step title="Start deployment in the background" date="2025-10-25T03:15:40.714" >
      <step title="Acquiring Deployment Lock" date="2025-10-25T03:15:40.765" /><!-- duration: 6ms -->
      <step title="Acquired Deployment Lock" date="2025-10-25T03:15:40.812" /><!-- duration: 6ms -->
    </step><!-- duration: 215ms -->
  </step><!-- duration: 46544ms -->
  <step title="Outgoing response" date="2025-10-25T03:15:40.954" type="response" statusCode="202" statusText="Accepted" /><!-- duration: 10ms -->
</step><!-- duration: 47161ms -->
