<step title="BackgroundTrace" date="2025-10-25T03:15:40.719" instance="a9cebb" url="/api/zipdeploy" method="POST" >
  <step title="Cleanup Xml Logs" date="2025-10-25T03:15:40.734" /><!-- duration: 9ms -->
  <step title="Creating temporary deployment - FetchDeploymentManager" date="2025-10-25T03:15:40.825" /><!-- duration: 5ms -->
  <step title="Creating temporary deployment" date="2025-10-25T03:15:40.835" /><!-- duration: 86ms -->
  <step title="Performing fetch based deployment" date="2025-10-25T03:15:40.994" >
    <step title="Cleaning up temp folders from previous zip deployments and extracting pushed zip file /tmp/zipdeploy/27978e80-bf43-4d59-9ad1-6db27e6a9502.zip (429.40 MB) to /tmp/zipdeploy/extracted" date="2025-10-25T03:15:42.212" >
      <step title="ChmodRecursive Process exited with total time taken in ms: 184" date="2025-10-25T03:16:03.283" /><!-- duration: 8ms -->
    </step><!-- duration: 21107ms -->
    <step title="Deployment timer started" date="2025-10-25T03:16:05.336" >
      <step title="DeploymentManager.Deploy(id:51ce7f02-eecb-490c-a73a-8663ed2b8e12)" date="2025-10-25T03:16:05.348" >
        <step title="Collecting changeset information" date="2025-10-25T03:16:05.403" /><!-- duration: 123ms -->
        <step title="Updating submodules" date="2025-10-25T03:16:05.536" /><!-- duration: 1246ms -->
        <step title="Determining deployment builder" date="2025-10-25T03:16:07.059" >
          <step title="Builder is OryxBuilder" date="2025-10-25T03:16:07.097" /><!-- duration: 5ms -->
        </step><!-- duration: 51ms -->
        <step title="PreDeployment: context.CleanOutputPath False" date="2025-10-25T03:16:07.175" >
          <step title="PreDeployment: context.OutputPath /home/site/wwwroot" date="2025-10-25T03:16:07.326" >
            <step title="Building" date="2025-10-25T03:16:07.522" >
              <step title="Executing external process" date="2025-10-25T03:16:07.905" type="process" path="bash" arguments="-c &quot;oryx build /tmp/zipdeploy/extracted -o /home/site/wwwroot --platform python --platform-version 3.9 -p virtualenv_name=antenv --log-file /tmp/build-debug.log  -i /tmp/8de1374d6a09cc2 --compress-destination-dir | tee /tmp/oryx-build.log ; exit $PIPESTATUS &quot;" >
                <step title="Cpu: gzip(1047,43.370s)+sh(1046,0.000s)+tar(1045,3.270s)+build.sh(865,0.060s)+oryx(846,5.900s)+tee(847,0.000s)+bash(845,0.000s)=total(52.590s)" date="2025-10-25T03:20:05.080" /><!-- duration: 60ms -->
                <step title="bash: no io activity for 60s, prev-cpu=-1.000s, current-cpu=52.590s" date="2025-10-25T03:20:05.241" /><!-- duration: 49ms -->
              </step><!-- duration: 274250ms -->
              <step title="Using PythonDeploymentLogParser" date="2025-10-25T03:20:42.667" /><!-- duration: 17ms -->
              <step title="Triggering recycle (preview mode disabled)." date="2025-10-25T03:20:44.103" /><!-- duration: 12ms -->
              <step title="Modified file to trigger a restart of the app container." date="2025-10-25T03:20:44.175" /><!-- duration: 5ms -->
              <step title="Skip function trigger and logicapp sync because function is not enabled." date="2025-10-25T03:20:44.190" /><!-- duration: 22ms -->
            </step><!-- duration: 277853ms -->
          </step><!-- duration: 278057ms -->
          <step title="Cleaning up temp files" date="2025-10-25T03:20:45.388" /><!-- duration: 4166ms -->
          <step title="Cleaning up temp files" date="2025-10-25T03:20:49.566" /><!-- duration: 514ms -->
          <step title="Reloading status file with latest updates" date="2025-10-25T03:20:50.118" >
            <step title="WebHooksManager.PublishEventAsync: PostDeployment" date="2025-10-25T03:20:50.125" /><!-- duration: 88ms -->
          </step><!-- duration: 107ms -->
          <step title="Cleaning up temporary deployment - fetch deployment was successful" date="2025-10-25T03:20:50.232" /><!-- duration: 4ms -->
        </step><!-- duration: 283119ms -->
      </step><!-- duration: 284965ms -->
