<step title="Incoming Request" date="2025-10-27T19:01:59.522" instance="a9cebb" url="/api/zipdeploy?isAsync=true" method="POST" type="request" pid="768,1,26" Accept="*/*" Host="learnova-05594.scm.azurewebsites.net" User-Agent="AZURECLI/2.77.0 (DEB)" Accept-Encoding="gzip, deflate" Authorization="Bea..." Cache-Control="no-cache" Content-Type="application/octet-stream" Content-Length="40409648" x-ms-client-request-id="62dc921c-b367-11f0-97ec-4cd577e10d27" x-ms-artifact-checksum="e1a845b5f34711fa4abd99c3645f8ca7704a8c2c12d9814a52f23941f2832cf6" X-ARR-LOG-ID="62dc921c-b367-11f0-97ec-4cd577e10d27" CLIENT-IP="14.97.173.201:58982" X-SITE-DEPLOYMENT-ID="learnova-05594" WAS-DEFAULT-HOSTNAME="learnova-05594.scm.azurewebsites.net" X-Forwarded-Proto="https" X-AppService-Proto="https" X-Forwarded-TlsVersion="1.3" X-WAWS-Unencoded-URL="/api/zipdeploy?isAsync=true" X-Client-IP="14.97.173.201" X-Client-Port="58982" >
  <step title="Cleanup Xml Logs" date="2025-10-27T19:01:59.533" /><!-- duration: 31ms -->
  <step title="ZipPushDeploy" date="2025-10-27T19:02:00.197" >
    <step title="ZipDeploy. Extract zip. Remote build." date="2025-10-27T19:02:00.307" /><!-- duration: 12ms -->
    <step title="None repository commit" date="2025-10-27T19:02:00.459" >
      <step title="Commit id: 7b51bcc7-26e1-4122-97b0-bca8f3c6a923" date="2025-10-27T19:02:00.487" Message="N/A" AuthorName="N/A" AuthorEmail="N/A" /><!-- duration: 22ms -->
    </step><!-- duration: 111ms -->
    <step title="Starting PushDeployAsync" date="2025-10-27T19:02:00.619" /><!-- duration: 19ms -->
    <step title="Writing artifact to /tmp/zipdeploy/9c5fb629-5a83-4c82-9e97-09bf3ef14982.zip" date="2025-10-27T19:02:00.800" >
      <step title="Writing multipart request body to /tmp/zipdeploy/9c5fb629-5a83-4c82-9e97-09bf3ef14982.zip" date="2025-10-27T19:02:00.858" /><!-- duration: 21ms -->
